{"cameraMode":{"drawMode":0,"name":"Shaded","section":"Shading Mode"},"sceneLighting":false,"audioPlay":false,"sceneViewState":{"showFog":true,"showMaterialUpdate":false,"showSkybox":false,"showFlares":true,"showImageEffects":true,"showParticleSystems":true},"in2DMode":false,"pivot":{"x":-22.6707706451416,"y":-23.563814163208009,"z":15.688092231750489},"rotation":{"x":-0.40878745913505556,"y":0.5216578841209412,"z":-0.3135588467121124,"w":-0.6800957918167114},"size":22.891048431396486,"orthographic":false}