{"cameraMode":{"drawMode":0,"name":"Shaded","section":"Shading Mode"},"sceneLighting":false,"audioPlay":false,"sceneViewState":{"showFog":true,"showMaterialUpdate":false,"showSkybox":false,"showFlares":true,"showImageEffects":true,"showParticleSystems":true},"in2DMode":false,"pivot":{"x":0.1858506202697754,"y":1.999999761581421,"z":0.24538850784301759},"rotation":{"x":-0.22476531565189362,"y":0.7122483253479004,"z":-0.26177385449409487,"w":-0.6115389466285706},"size":3.717487335205078,"orthographic":false}