{"cameraMode":{"drawMode":0,"name":"Shaded","section":"Shading Mode"},"sceneLighting":false,"audioPlay":false,"sceneViewState":{"showFog":true,"showMaterialUpdate":false,"showSkybox":false,"showFlares":true,"showImageEffects":true,"showParticleSystems":true},"in2DMode":false,"pivot":{"x":18.136058807373048,"y":15.04840087890625,"z":-103.19593811035156},"rotation":{"x":0.44728416204452517,"y":0.5338406562805176,"z":-0.4011440873146057,"w":0.5952566266059876},"size":25.155067443847658,"orthographic":false}