{"cameraMode":{"drawMode":0,"name":"Shaded","section":"Shading Mode"},"sceneLighting":false,"audioPlay":false,"sceneViewState":{"showFog":true,"showMaterialUpdate":false,"showSkybox":false,"showFlares":true,"showImageEffects":true,"showParticleSystems":true},"in2DMode":false,"pivot":{"x":-0.3257058262825012,"y":2.545445442199707,"z":-2.894968271255493},"rotation":{"x":0.22102949023246766,"y":0.6312413215637207,"z":-0.19444313645362855,"w":0.717551589012146},"size":2.873253107070923,"orthographic":false}