{"cameraMode":{"drawMode":0,"name":"Shaded","section":"Shading Mode"},"sceneLighting":false,"audioPlay":false,"sceneViewState":{"showFog":true,"showMaterialUpdate":false,"showSkybox":false,"showFlares":true,"showImageEffects":true,"showParticleSystems":true},"in2DMode":false,"pivot":{"x":-0.8400282859802246,"y":0.5781648755073547,"z":1.2330363988876343},"rotation":{"x":-0.11457705497741699,"y":0.387961208820343,"z":-0.04867670685052872,"w":-0.913246750831604},"size":1.2370812892913819,"orthographic":false}