{"cameraMode":{"drawMode":0,"name":"Shaded","section":"Shading Mode"},"sceneLighting":false,"audioPlay":false,"sceneViewState":{"showFog":true,"showMaterialUpdate":false,"showSkybox":false,"showFlares":true,"showImageEffects":true,"showParticleSystems":true},"in2DMode":false,"pivot":{"x":-16.208112716674806,"y":0.8662624359130859,"z":-2.8134517669677736},"rotation":{"x":-0.09720006585121155,"y":0.8599689602851868,"z":-0.46800389885902407,"w":-0.17939916253089906},"size":15.748016357421875,"orthographic":false}