{"cameraMode":{"drawMode":0,"name":"Shaded","section":"Shading Mode"},"sceneLighting":false,"audioPlay":false,"sceneViewState":{"showFog":true,"showMaterialUpdate":false,"showSkybox":false,"showFlares":true,"showImageEffects":true,"showParticleSystems":true},"in2DMode":false,"pivot":{"x":-2.3397302627563478,"y":-0.8654041290283203,"z":3.378967523574829},"rotation":{"x":-0.09287579357624054,"y":0.2346053272485733,"z":-0.022523673251271249,"w":-0.9674164652824402},"size":2.8783280849456789,"orthographic":false}