{"cameraMode":{"drawMode":0,"name":"Shaded","section":"Shading Mode"},"sceneLighting":false,"audioPlay":false,"sceneViewState":{"showFog":true,"showMaterialUpdate":false,"showSkybox":false,"showFlares":true,"showImageEffects":true,"showParticleSystems":true},"in2DMode":false,"pivot":{"x":-16.469070434570314,"y":16.538410186767579,"z":19.518444061279298},"rotation":{"x":-0.00689897034317255,"y":0.8754985332489014,"z":-0.483205109834671,"w":-0.013281240127980709},"size":3.464101552963257,"orthographic":false}