{"cameraMode":{"drawMode":0,"name":"Shaded","section":"Shading Mode"},"sceneLighting":false,"audioPlay":false,"sceneViewState":{"showFog":true,"showMaterialUpdate":false,"showSkybox":false,"showFlares":true,"showImageEffects":true,"showParticleSystems":true},"in2DMode":false,"pivot":{"x":-10.645553588867188,"y":-42.88608169555664,"z":-21.554737091064454},"rotation":{"x":0.11672858893871308,"y":-0.8480510115623474,"z":0.4724404811859131,"w":0.21005427837371827},"size":43.996768951416019,"orthographic":false}