{"cameraMode":{"drawMode":0,"name":"Shaded","section":"Shading Mode"},"sceneLighting":false,"audioPlay":false,"sceneViewState":{"showFog":true,"showMaterialUpdate":false,"showSkybox":false,"showFlares":true,"showImageEffects":true,"showParticleSystems":true},"in2DMode":false,"pivot":{"x":0.0,"y":1.9999996423721314,"z":-1.7881393432617188e-7},"rotation":{"x":0.22102949023246766,"y":0.6312413215637207,"z":-0.19444313645362855,"w":0.717551589012146},"size":3.464101552963257,"orthographic":false}