{"cameraMode":{"drawMode":0,"name":"Shaded","section":"Shading Mode"},"sceneLighting":true,"audioPlay":false,"sceneViewState":{"showFog":true,"showMaterialUpdate":false,"showSkybox":true,"showFlares":true,"showImageEffects":true,"showParticleSystems":true},"in2DMode":false,"pivot":{"x":-15.5,"y":0.10000000149011612,"z":-31.200000762939454},"rotation":{"x":0.44728416204452517,"y":0.5338406562805176,"z":-0.4011440873146057,"w":0.5952566266059876},"size":17.875770568847658,"orthographic":false}