{"cameraMode":{"drawMode":0,"name":"Shaded","section":"Shading Mode"},"sceneLighting":false,"audioPlay":false,"sceneViewState":{"showFog":true,"showMaterialUpdate":false,"showSkybox":false,"showFlares":true,"showImageEffects":true,"showParticleSystems":true},"in2DMode":false,"pivot":{"x":0.1229538694024086,"y":3.5496902465820314,"z":1.5183639526367188},"rotation":{"x":-0.05882761627435684,"y":-0.34599921107292178,"z":0.021633075550198556,"w":-0.9363238215446472},"size":3.550633430480957,"orthographic":false}