{"cameraMode":{"drawMode":0,"name":"Shaded","section":"Shading Mode"},"sceneLighting":false,"audioPlay":false,"sceneViewState":{"showFog":true,"showMaterialUpdate":false,"showSkybox":false,"showFlares":true,"showImageEffects":true,"showParticleSystems":true},"in2DMode":false,"pivot":{"x":-17.129404067993165,"y":-9.178740501403809,"z":5.012848377227783},"rotation":{"x":0.10230591148138046,"y":-0.8545745015144348,"z":0.4747582674026489,"w":0.18498192727565766},"size":0.6142813563346863,"orthographic":false}