{"cameraMode":{"drawMode":0,"name":"Shaded","section":"Shading Mode"},"sceneLighting":false,"audioPlay":false,"sceneViewState":{"showFog":true,"showMaterialUpdate":false,"showSkybox":false,"showFlares":true,"showImageEffects":true,"showParticleSystems":true},"in2DMode":false,"pivot":{"x":-8.709861755371094,"y":-49.501251220703128,"z":-172.99681091308595},"rotation":{"x":-0.04589724913239479,"y":0.9115475416183472,"z":-0.3950110077857971,"w":-0.10601610690355301},"size":53.82466506958008,"orthographic":false}