{"cameraMode":{"drawMode":0,"name":"Shaded","section":"Shading Mode"},"sceneLighting":false,"audioPlay":false,"sceneViewState":{"showFog":true,"showMaterialUpdate":false,"showSkybox":false,"showFlares":true,"showImageEffects":true,"showParticleSystems":true},"in2DMode":false,"pivot":{"x":-3.935870885848999,"y":0.5802528858184815,"z":-2.6790976524353029},"rotation":{"x":-0.15993079543113709,"y":-0.588115930557251,"z":0.12001994252204895,"w":-0.7836906313896179},"size":1.2370812892913819,"orthographic":false}