{"cameraMode":{"drawMode":0,"name":"Shaded","section":"Shading Mode"},"sceneLighting":false,"audioPlay":false,"sceneViewState":{"showFog":true,"showMaterialUpdate":false,"showSkybox":false,"showFlares":true,"showImageEffects":true,"showParticleSystems":true},"in2DMode":false,"pivot":{"x":2.3450000286102297,"y":12.869999885559082,"z":-51.560001373291019},"rotation":{"x":0.44728416204452517,"y":0.5338406562805176,"z":-0.4011440873146057,"w":0.5952566266059876},"size":53.82466506958008,"orthographic":false}