{"cameraMode":{"drawMode":0,"name":"Shaded","section":"Shading Mode"},"sceneLighting":true,"audioPlay":false,"sceneViewState":{"showFog":true,"showMaterialUpdate":false,"showSkybox":true,"showFlares":true,"showImageEffects":true,"showParticleSystems":true},"in2DMode":false,"pivot":{"x":1.6153297424316407,"y":0.0014710885006934405,"z":25.101816177368165},"rotation":{"x":0.24933381378650666,"y":0.5362346172332764,"z":-0.16959303617477418,"w":0.7883797287940979},"size":1.2247449159622193,"orthographic":false}