{"cameraMode":{"drawMode":0,"name":"Shaded","section":"Shading Mode"},"sceneLighting":false,"audioPlay":false,"sceneViewState":{"showFog":true,"showMaterialUpdate":false,"showSkybox":false,"showFlares":true,"showImageEffects":true,"showParticleSystems":true},"in2DMode":false,"pivot":{"x":-17.129404067993165,"y":-9.178740501403809,"z":5.012848377227783},"rotation":{"x":-0.1872437596321106,"y":0.156036376953125,"z":-0.03013988956809044,"w":-0.9693731069564819},"size":0.6142813563346863,"orthographic":false}