{"cameraMode":{"drawMode":0,"name":"Shaded","section":"Shading Mode"},"sceneLighting":false,"audioPlay":false,"sceneViewState":{"showFog":true,"showMaterialUpdate":false,"showSkybox":false,"showFlares":true,"showImageEffects":true,"showParticleSystems":true},"in2DMode":false,"pivot":{"x":17.485000610351564,"y":13.350000381469727,"z":-43.15999984741211},"rotation":{"x":-0.005390611942857504,"y":0.9946044087409973,"z":-0.0717451274394989,"w":-0.07473447918891907},"size":49.208518981933597,"orthographic":false}