{"cameraMode":{"drawMode":0,"name":"Shaded","section":"Shading Mode"},"sceneLighting":false,"audioPlay":false,"sceneViewState":{"showFog":true,"showMaterialUpdate":false,"showSkybox":false,"showFlares":true,"showImageEffects":true,"showParticleSystems":true},"in2DMode":false,"pivot":{"x":-0.004958108067512512,"y":0.43974974751472475,"z":-0.0047534555196762089},"rotation":{"x":0.2476968616247177,"y":0.7468364834785461,"z":-0.3808777332305908,"w":0.4856835603713989},"size":0.548003613948822,"orthographic":false}