{"cameraMode":{"drawMode":0,"name":"Shaded","section":"Shading Mode"},"sceneLighting":true,"audioPlay":false,"sceneViewState":{"showFog":true,"showMaterialUpdate":false,"showSkybox":false,"showFlares":true,"showImageEffects":true,"showParticleSystems":true},"in2DMode":false,"pivot":{"x":1.2940001487731934,"y":2.490999698638916,"z":0.29799985885620119},"rotation":{"x":0.12918974459171296,"y":-0.8363549113273621,"z":0.4837793707847595,"w":0.22340120375156403},"size":8.487049102783204,"orthographic":false}