{"cameraMode":{"drawMode":0,"name":"Shaded","section":"Shading Mode"},"sceneLighting":false,"audioPlay":false,"sceneViewState":{"showFog":true,"showMaterialUpdate":false,"showSkybox":false,"showFlares":true,"showImageEffects":true,"showParticleSystems":true},"in2DMode":false,"pivot":{"x":0.6170741319656372,"y":0.4430256187915802,"z":0.6200405359268189},"rotation":{"x":-0.024364273995161058,"y":-0.5710760354995728,"z":-0.016962425783276559,"w":0.8203893899917603},"size":0.548003613948822,"orthographic":false}