{"cameraMode":{"drawMode":0,"name":"Shaded","section":"Shading Mode"},"sceneLighting":false,"audioPlay":false,"sceneViewState":{"showFog":true,"showMaterialUpdate":false,"showSkybox":false,"showFlares":true,"showImageEffects":true,"showParticleSystems":true},"in2DMode":false,"pivot":{"x":-0.6496620178222656,"y":1.9789986610412598,"z":0.29190823435783389},"rotation":{"x":0.2199612557888031,"y":0.0838664323091507,"z":-0.018987977877259256,"w":0.9717262983322144},"size":3.881878137588501,"orthographic":false}