{"cameraMode":{"drawMode":0,"name":"Shaded","section":"Shading Mode"},"sceneLighting":false,"audioPlay":false,"sceneViewState":{"showFog":true,"showMaterialUpdate":false,"showSkybox":false,"showFlares":true,"showImageEffects":true,"showParticleSystems":true},"in2DMode":false,"pivot":{"x":-0.0014074444770812989,"y":0.0011831820011138917,"z":-0.00005799531936645508},"rotation":{"x":-0.21641339361667634,"y":-0.5033174753189087,"z":0.13185250759124757,"w":-0.826107919216156},"size":0.792746365070343,"orthographic":false}