{"cameraMode":{"drawMode":0,"name":"Shaded","section":"Shading Mode"},"sceneLighting":false,"audioPlay":false,"sceneViewState":{"showFog":true,"showMaterialUpdate":false,"showSkybox":false,"showFlares":true,"showImageEffects":true,"showParticleSystems":true},"in2DMode":false,"pivot":{"x":0.2623181939125061,"y":0.22594867646694184,"z":-0.11655661463737488},"rotation":{"x":-0.061298668384552,"y":-0.9300687313079834,"z":0.18196585774421693,"w":-0.31327304244041445},"size":1.1023849248886109,"orthographic":false}