{"cameraMode":{"drawMode":0,"name":"Shaded","section":"Shading Mode"},"sceneLighting":false,"audioPlay":false,"sceneViewState":{"showFog":true,"showMaterialUpdate":false,"showSkybox":false,"showFlares":true,"showImageEffects":true,"showParticleSystems":true},"in2DMode":false,"pivot":{"x":-4.627713203430176,"y":1.2326951026916505,"z":-30.705224990844728},"rotation":{"x":-0.13061638176441194,"y":-0.6053823828697205,"z":0.10155054181814194,"w":-0.778572678565979},"size":5.062492370605469,"orthographic":false}