{"cameraMode":{"drawMode":0,"name":"Shaded","section":"Shading Mode"},"sceneLighting":false,"audioPlay":false,"sceneViewState":{"showFog":true,"showMaterialUpdate":true,"showSkybox":false,"showFlares":true,"showImageEffects":true,"showParticleSystems":true},"in2DMode":false,"pivot":{"x":-0.30731138586997988,"y":1.5685930252075196,"z":0.9044715166091919},"rotation":{"x":-0.27599042654037478,"y":-0.08722258359193802,"z":0.025157909840345384,"w":-0.9568670392036438},"size":3.464101791381836,"orthographic":false}