{"cameraMode":{"drawMode":0,"name":"Shaded","section":"Shading Mode"},"sceneLighting":false,"audioPlay":false,"sceneViewState":{"showFog":true,"showMaterialUpdate":true,"showSkybox":false,"showFlares":true,"showImageEffects":true,"showParticleSystems":true},"in2DMode":false,"pivot":{"x":-2.3675832748413088,"y":1.5706963539123536,"z":-0.8950777053833008},"rotation":{"x":-0.22971570491790772,"y":0.309418261051178,"z":-0.07729888707399368,"w":-0.9195222854614258},"size":3.464101552963257,"orthographic":false}