{"cameraMode":{"drawMode":0,"name":"Shaded","section":"Shading Mode"},"sceneLighting":false,"audioPlay":false,"sceneViewState":{"showFog":true,"showMaterialUpdate":true,"showSkybox":false,"showFlares":true,"showImageEffects":true,"showParticleSystems":true},"in2DMode":false,"pivot":{"x":0.7674353122711182,"y":4.051146984100342,"z":2.1266469955444338},"rotation":{"x":0.0116806635633111,"y":-0.07044145464897156,"z":0.0008247485384345055,"w":0.9974519610404968},"size":0.5349718928337097,"orthographic":false}