{"cameraMode":{"drawMode":0,"name":"Shaded","section":"Shading Mode"},"sceneLighting":false,"audioPlay":false,"sceneViewState":{"showFog":true,"showMaterialUpdate":false,"showSkybox":false,"showFlares":true,"showImageEffects":true,"showParticleSystems":true},"in2DMode":false,"pivot":{"x":574.3772583007813,"y":253.23626708984376,"z":0.0},"rotation":{"x":0.026995288208127023,"y":-0.009894500486552716,"z":0.00026720520691014826,"w":0.999587893486023},"size":310.1048278808594,"orthographic":false}