{"cameraMode":{"drawMode":0,"name":"Shaded","section":"Shading Mode"},"sceneLighting":false,"audioPlay":false,"sceneViewState":{"showFog":true,"showMaterialUpdate":false,"showSkybox":false,"showFlares":true,"showImageEffects":true,"showParticleSystems":true},"in2DMode":false,"pivot":{"x":12.711398124694825,"y":1.0628665685653687,"z":6.810178756713867},"rotation":{"x":-0.11155205219984055,"y":-0.0863599106669426,"z":0.009730333462357521,"w":-0.9899640679359436},"size":1.0762333869934083,"orthographic":false}