{"cameraMode":{"drawMode":0,"name":"Shaded","section":"Shading Mode"},"sceneLighting":false,"audioPlay":false,"sceneViewState":{"showFog":true,"showMaterialUpdate":false,"showSkybox":false,"showFlares":true,"showImageEffects":true,"showParticleSystems":true},"in2DMode":false,"pivot":{"x":0.0010000020265579224,"y":0.015099999494850636,"z":-0.4860000014305115},"rotation":{"x":-0.27273496985435488,"y":-0.15928441286087037,"z":0.04583732783794403,"w":-0.9477152228355408},"size":0.09120811522006989,"orthographic":false}