{"cameraMode":{"drawMode":0,"name":"Shaded","section":"Shading Mode"},"sceneLighting":false,"audioPlay":false,"sceneViewState":{"showFog":true,"showMaterialUpdate":false,"showSkybox":false,"showFlares":true,"showImageEffects":true,"showParticleSystems":true},"in2DMode":false,"pivot":{"x":-45.47563934326172,"y":-46.731544494628909,"z":-8.739461898803711},"rotation":{"x":-0.2474326491355896,"y":0.7332333922386169,"z":-0.33912166953086855,"w":-0.5349563360214233},"size":43.95722961425781,"orthographic":false}