{"cameraMode":{"drawMode":0,"name":"Shaded","section":"Shading Mode"},"sceneLighting":false,"audioPlay":false,"sceneViewState":{"showFog":true,"showMaterialUpdate":false,"showSkybox":false,"showFlares":true,"showImageEffects":true,"showParticleSystems":true},"in2DMode":false,"pivot":{"x":-6.0,"y":2.0000007152557375,"z":-6.000000476837158},"rotation":{"x":0.05584367364645004,"y":-0.7237415313720703,"z":0.05897585302591324,"w":0.6852784752845764},"size":15.319306373596192,"orthographic":false}